{"posts":{"items":[{"id":"4","name":"school-prefect-camp","title":"School Prefect Camp    ","created":1660662907136,"updated":1662177745681,"featured":"download1.png","excerpt":"Sample small text. Lorem ipsum dolor sit amet.","fileName":"school-prefect-camp.html","publicUrl":"np://user.desktop.nicepage.com/Site_214125439/blog/school-prefect-camp.html"},{"id":"5","name":"school-englsish-day","title":"School Englsish Day             ","created":1660662907164,"updated":1663243165623,"featured":"280267957_125295043478993_6924221743206026036_n.jpg","excerpt":"","fileName":"school-englsish-day.html","publicUrl":"np://user.desktop.nicepage.com/Site_214125439/blog/school-englsish-day.html"},{"id":"6","name":"school-parahara-news","title":"School Parahara News","created":1660662907196,"updated":1663806860284,"featured":"296014800_5360549237399405_736933392602655331_n.jpg","excerpt":"Sample small text. Lorem ipsum dolor sit amet.","fileName":"school-parahara-news.html","publicUrl":"np://user.desktop.nicepage.com/Site_214125439/blog/school-parahara-news.html"}]}}