[{"id":"user-image-20220926-102852.jpg","publicUrl":"np://user.desktop.nicepage.com/Site_214125439/images/20220926-102852.jpg","size":590302,"fileName":"20220926-102852.jpg","name":"20220926-102852","width":1920,"height":1920,"thumbnail":{"url":"np://user.desktop.nicepage.com/Site_214125439/images/thumbnails/20220926-102852.jpg","width":250,"height":250}},{"id":"user-image-20220926-101654.jpg","publicUrl":"np://user.desktop.nicepage.com/Site_214125439/images/20220926-101654.jpg","size":728649,"fileName":"20220926-101654.jpg","name":"20220926-101654","width":1920,"height":1920,"thumbnail":{"url":"np://user.desktop.nicepage.com/Site_214125439/images/thumbnails/20220926-101654.jpg","width":250,"height":250}},{"id":"user-image-20220926-102437.jpg","publicUrl":"np://user.desktop.nicepage.com/Site_214125439/images/20220926-102437.jpg","size":725171,"fileName":"20220926-102437.jpg","name":"20220926-102437","width":1920,"height":1920,"thumbnail":{"url":"np://user.desktop.nicepage.com/Site_214125439/images/thumbnails/20220926-102437.jpg","width":250,"height":250}},{"id":"user-image-1828859.png","publicUrl":"np://user.desktop.nicepage.com/Site_214125439/images/1828859.png","size":726,"fileName":"1828859.png","name":"1828859","width":128,"height":128,"thumbnail":{"url":"np://user.desktop.nicepage.com/Site_214125439/images/thumbnails/1828859.png","width":128,"height":128,"length":726}},{"id":"user-image-542689.png","publicUrl":"np://user.desktop.nicepage.com/Site_214125439/images/542689.png","size":1731,"fileName":"542689.png","name":"542689","width":128,"height":128,"thumbnail":{"url":"np://user.desktop.nicepage.com/Site_214125439/images/thumbnails/542689.png","width":128,"height":128,"length":1731}},{"id":"user-image-WhatsAppImage2022-09-21at7.25.43PM.jpeg","publicUrl":"np://user.desktop.nicepage.com/Site_214125439/images/WhatsAppImage2022-09-21at7.25.43PM.jpeg","size":51782,"fileName":"WhatsAppImage2022-09-21at7.25.43PM.jpeg","name":"WhatsAppImage2022-09-21at7.25.43PM","width":1040,"height":480,"thumbnail":{"url":"np://user.desktop.nicepage.com/Site_214125439/images/thumbnails/WhatsAppImage2022-09-21at7.25.43PM.jpeg","width":250,"height":115}},{"id":"user-image-WhatsAppImage2022-09-21at7.26.02PM.jpeg","publicUrl":"np://user.desktop.nicepage.com/Site_214125439/images/WhatsAppImage2022-09-21at7.26.02PM.jpeg","size":49112,"fileName":"WhatsAppImage2022-09-21at7.26.02PM.jpeg","name":"WhatsAppImage2022-09-21at7.26.02PM","width":1040,"height":480,"thumbnail":{"url":"np://user.desktop.nicepage.com/Site_214125439/images/thumbnails/WhatsAppImage2022-09-21at7.26.02PM.jpeg","width":250,"height":115}},{"id":"user-image-280267957_125295043478993_6924221743206026036_n.jpg","publicUrl":"np://user.desktop.nicepage.com/Site_214125439/images/280267957_125295043478993_6924221743206026036_n.jpg","size":138890,"fileName":"280267957_125295043478993_6924221743206026036_n.jpg","name":"280267957_125295043478993_6924221743206026036_n","width":1280,"height":653,"thumbnail":{"url":"np://user.desktop.nicepage.com/Site_214125439/images/thumbnails/280267957_125295043478993_6924221743206026036_n.jpg","width":250,"height":128}},{"id":"user-image-hmv.png","publicUrl":"np://user.desktop.nicepage.com/Site_214125439/images/hmv.png","size":1048146,"fileName":"hmv.png","name":"hmv","width":1920,"height":1792,"thumbnail":{"url":"np://user.desktop.nicepage.com/Site_214125439/images/thumbnails/hmv.png","width":250,"height":233}},{"id":"user-image-bg.jpg","publicUrl":"np://user.desktop.nicepage.com/Site_214125439/images/bg.jpg","size":32489,"fileName":"bg.jpg","name":"bg","width":1980,"height":1321,"thumbnail":{"url":"np://user.desktop.nicepage.com/Site_214125439/images/thumbnails/bg.jpg","width":250,"height":167}},{"id":"user-image-296005445_5360550050732657_3299977959837592660_n.jpg","publicUrl":"np://user.desktop.nicepage.com/Site_214125439/images/296005445_5360550050732657_3299977959837592660_n.jpg","size":15059,"fileName":"296005445_5360550050732657_3299977959837592660_n.jpg","name":"296005445_5360550050732657_3299977959837592660_n","width":320,"height":245,"thumbnail":{"url":"np://user.desktop.nicepage.com/Site_214125439/images/thumbnails/296005445_5360550050732657_3299977959837592660_n.jpg","width":250,"height":191}},{"id":"user-image-296014800_5360549237399405_736933392602655331_n.jpg","publicUrl":"np://user.desktop.nicepage.com/Site_214125439/images/296014800_5360549237399405_736933392602655331_n.jpg","size":14815,"fileName":"296014800_5360549237399405_736933392602655331_n.jpg","name":"296014800_5360549237399405_736933392602655331_n","width":320,"height":247,"thumbnail":{"url":"np://user.desktop.nicepage.com/Site_214125439/images/thumbnails/296014800_5360549237399405_736933392602655331_n.jpg","width":250,"height":193}},{"id":"user-image-280192813_125298730145291_4805006596900363859_n.jpg","publicUrl":"np://user.desktop.nicepage.com/Site_214125439/images/280192813_125298730145291_4805006596900363859_n.jpg","size":10934,"fileName":"280192813_125298730145291_4805006596900363859_n.jpg","name":"280192813_125298730145291_4805006596900363859_n","width":320,"height":158,"thumbnail":{"url":"np://user.desktop.nicepage.com/Site_214125439/images/thumbnails/280192813_125298730145291_4805006596900363859_n.jpg","width":250,"height":123}},{"id":"user-image-296005448_5360551620732500_5952687693994352899_n.jpg","publicUrl":"np://user.desktop.nicepage.com/Site_214125439/images/296005448_5360551620732500_5952687693994352899_n.jpg","size":21280,"fileName":"296005448_5360551620732500_5952687693994352899_n.jpg","name":"296005448_5360551620732500_5952687693994352899_n","width":320,"height":420,"thumbnail":{"url":"np://user.desktop.nicepage.com/Site_214125439/images/thumbnails/296005448_5360551620732500_5952687693994352899_n.jpg","width":190,"height":250}},{"id":"user-image-20220830_192732.jpg","publicUrl":"np://user.desktop.nicepage.com/Site_214125439/images/20220830_192732.jpg","size":561442,"fileName":"20220830_192732.jpg","name":"20220830_192732","width":1920,"height":710,"thumbnail":{"url":"np://user.desktop.nicepage.com/Site_214125439/images/thumbnails/20220830_192732.jpg","width":250,"height":92}},{"id":"user-image-20220831_104506.png","publicUrl":"np://user.desktop.nicepage.com/Site_214125439/images/20220831_104506.png","size":1048146,"fileName":"20220831_104506.png","name":"20220831_104506","width":1920,"height":1792,"thumbnail":{"url":"np://user.desktop.nicepage.com/Site_214125439/images/thumbnails/20220831_104506.png","width":250,"height":233}},{"id":"user-image-29389113_1886386088041050_3998345386975559680_n.jpg","publicUrl":"np://user.desktop.nicepage.com/Site_214125439/images/29389113_1886386088041050_3998345386975559680_n.jpg","size":76098,"fileName":"29389113_1886386088041050_3998345386975559680_n.jpg","name":"29389113_1886386088041050_3998345386975559680_n","width":960,"height":438,"thumbnail":{"url":"np://user.desktop.nicepage.com/Site_214125439/images/thumbnails/29389113_1886386088041050_3998345386975559680_n.jpg","width":250,"height":114}},{"id":"user-image-285849460_543101564145013_9182844418940147543_n.jpg","publicUrl":"np://user.desktop.nicepage.com/Site_214125439/images/285849460_543101564145013_9182844418940147543_n.jpg","size":52433,"fileName":"285849460_543101564145013_9182844418940147543_n.jpg","name":"285849460_543101564145013_9182844418940147543_n","width":960,"height":720,"thumbnail":{"url":"np://user.desktop.nicepage.com/Site_214125439/images/thumbnails/285849460_543101564145013_9182844418940147543_n.jpg","width":250,"height":188}},{"id":"user-image-gfg.jpg","publicUrl":"np://user.desktop.nicepage.com/Site_214125439/images/gfg.jpg","size":85473,"fileName":"gfg.jpg","name":"gfg","width":1000,"height":780,"thumbnail":{"url":"np://user.desktop.nicepage.com/Site_214125439/images/thumbnails/gfg.jpg","width":250,"height":195}},{"id":"user-image-download1.png","publicUrl":"np://user.desktop.nicepage.com/Site_214125439/images/download1.png","size":2196,"fileName":"download1.png","name":"download1","width":259,"height":194,"thumbnail":{"url":"np://user.desktop.nicepage.com/Site_214125439/images/thumbnails/download1.png","width":250,"height":187}},{"id":"user-image-H-M-V.jpg","publicUrl":"np://user.desktop.nicepage.com/Site_214125439/images/H-M-V.jpg","size":10356,"fileName":"H-M-V.jpg","name":"H-M-V","width":237,"height":213,"thumbnail":{"url":"np://user.desktop.nicepage.com/Site_214125439/images/thumbnails/H-M-V.jpg","width":237,"height":213,"length":10356}},{"id":"user-image-ghghgh-min.jpg","publicUrl":"np://user.desktop.nicepage.com/Site_214125439/images/ghghgh-min.jpg","size":56275,"fileName":"ghghgh-min.jpg","name":"ghghgh-min","width":1620,"height":1080,"thumbnail":{"url":"np://user.desktop.nicepage.com/Site_214125439/images/thumbnails/ghghgh-min.jpg","width":250,"height":167},"originalUrl":"//images01.nicepage.com/c461c07a441a5d220e8feb1a/11bb31d631025068b1d0d5c5/ghghgh-min.jpg"},{"id":"user-image-1256650.png","publicUrl":"np://user.desktop.nicepage.com/Site_214125439/images/1256650.png","size":11993,"fileName":"1256650.png","name":"1256650","width":128,"height":128,"thumbnail":{"url":"np://user.desktop.nicepage.com/Site_214125439/images/thumbnails/1256650.png","width":128,"height":128,"length":11993,"type":"png"}},{"id":"user-image-4406394.png","publicUrl":"np://user.desktop.nicepage.com/Site_214125439/images/4406394.png","size":5068,"fileName":"4406394.png","name":"4406394","width":128,"height":128,"thumbnail":{"url":"np://user.desktop.nicepage.com/Site_214125439/images/thumbnails/4406394.png","width":128,"height":128,"length":5068,"type":"png"}},{"id":"user-image-3281380.png","publicUrl":"np://user.desktop.nicepage.com/Site_214125439/images/3281380.png","size":6519,"fileName":"3281380.png","name":"3281380","width":128,"height":128,"thumbnail":{"url":"np://user.desktop.nicepage.com/Site_214125439/images/thumbnails/3281380.png","width":128,"height":128,"length":6519,"type":"png"}},{"id":"user-image-2973778.png","publicUrl":"np://user.desktop.nicepage.com/Site_214125439/images/2973778.png","size":9643,"fileName":"2973778.png","name":"2973778","width":128,"height":128,"thumbnail":{"url":"np://user.desktop.nicepage.com/Site_214125439/images/thumbnails/2973778.png","width":128,"height":128,"length":9643,"type":"png"}},{"id":"user-image-5968764.png","publicUrl":"np://user.desktop.nicepage.com/Site_214125439/images/5968764.png","size":3763,"fileName":"5968764.png","name":"5968764","width":128,"height":128,"thumbnail":{"url":"np://user.desktop.nicepage.com/Site_214125439/images/thumbnails/5968764.png","width":128,"height":128,"length":3763,"type":"png"}},{"id":"user-image-2504947.png","publicUrl":"np://user.desktop.nicepage.com/Site_214125439/images/2504947.png","size":4418,"fileName":"2504947.png","name":"2504947","width":128,"height":128,"thumbnail":{"url":"np://user.desktop.nicepage.com/Site_214125439/images/thumbnails/2504947.png","width":128,"height":128,"length":4418,"type":"png"}},{"id":"user-image-2111463.png","publicUrl":"np://user.desktop.nicepage.com/Site_214125439/images/2111463.png","size":10067,"fileName":"2111463.png","name":"2111463","width":128,"height":128,"thumbnail":{"url":"np://user.desktop.nicepage.com/Site_214125439/images/thumbnails/2111463.png","width":128,"height":128,"length":10067,"type":"png"}},{"id":"user-image-1384060.png","publicUrl":"np://user.desktop.nicepage.com/Site_214125439/images/1384060.png","size":2027,"fileName":"1384060.png","name":"1384060","width":128,"height":128,"thumbnail":{"url":"np://user.desktop.nicepage.com/Site_214125439/images/thumbnails/1384060.png","width":128,"height":128,"length":2027,"type":"png"}}]